Workbook

Sheet Sheet1
A1: 全称 | B1: 简 | C1: name | D1: 简称 | E1: city | F1: p1990 | G1: p2000 | H1: p2010 | I1: p2020 | J1: l1990 | K1: l2000 | L1: l2010 | M1: l2020 | N1: e1990 | O1: e2000 | P1: e2010 | Q1: e2020 | R1: Dpl1990 | S1: Dpl2000 | T1: Dpl2010 | U1: Dpl2020 | V1: Dpe1990 | W1: Dpe2000 | X1: Dpe2010 | Y1: Dpe2020 | Z1: Dle1990 | AA1: Dle2000 | AB1: Dle2010 | AC1: Dle2020
A2: 上海市 | B2: 沪 | C2: =VLOOKUP(A2,Sheet3!A:C,2,FALSE) -> Shanghai | D2: =VLOOKUP(A2,Sheet3!A:C,3,FALSE) -> Shh | E2: 1 | F2: 1334.1878 | G2: 1640.7709 | H2: 2301.9148 | I2: 2487.0895 | J2: 1041.05 | K2: 1447.57 | L2: 2350.07 | M2: 2880.66 | N2: 781.66 | O2: 4812.15 | P2: 17915.41 | Q2: 38963.3 | R2: 3.5934252 | S2: 3.8049057 | T2: 5.1290622 | U2: 4.6347033 | V2: -14.291892 | W2: -12.871721 | X2: -7.1303016 | Y2: -5.2389701 | Z2: =V2-R2 -> -17.885317 | AA2: =W2-S2 -> -16.676627 | AB2: =X2-T2 -> -12.259364 | AC2: =Y2-U2 -> -9.8736734
A3: 常州市 | B3: 常 | C3: =VLOOKUP(A3,Sheet3!A:C,2,FALSE) -> Changzhou | D3: =VLOOKUP(A3,Sheet3!A:C,3,FALSE) -> Cz | E3: 2 | F3: 327.97 | G3: 377.627 | H3: 459.1972 | I3: 527.8121 | J3: 340.05 | K3: 588.9 | L3: 924.97 | M3: 1051.85 | N3: 94.8687 | O3: 600.6573 | P3: 3091.85 | Q3: 7810.32 | R3: 0.56805576 | S3: 0.056666013 | T3: -0.053623424 | U3: 0.075374773 | V3: -0.80189448 | W3: -0.71756389 | X3: -0.94330685 | Y3: -0.92574155 | Z3: =V3-R3 -> -1.3699502 | AA3: =W3-S3 -> -0.77422991 | AB3: =X3-T3 -> -0.88968343 | AC3: =Y3-U3 -> -1.0011163
A4: 淮安市 | B4: 淮 | C4: =VLOOKUP(A4,Sheet3!A:C,2,FALSE) -> Huai'an | D4: =VLOOKUP(A4,Sheet3!A:C,3,FALSE) -> Ha | E4: 3 | F4: 535.74 | G4: 503.8231 | H4: 479.9889 | I4: 455.623 | J4: 1601.3 | K4: 1637.97 | L4: 1951.17 | M4: 2035.74 | N4: 59.9 | O4: 289.43 | P4: 1396.38 | Q4: 4003.37 | R4: -2.9909257 | S4: -2.6539209 | T4: -2.3795633 | U4: -2.2600149 | V4: 1.3398269 | W4: 1.3100582 | X4: 0.83831522 | Y4: 0.31234777 | Z4: =V4-R4 -> 4.3307526 | AA4: =W4-S4 -> 3.9639791 | AB4: =X4-T4 -> 3.2178785 | AC4: =Y4-U4 -> 2.5723627
A5: 连云港市 | B5: 连 | C5: =VLOOKUP(A5,Sheet3!A:C,2,FALSE) -> Lianyungang | D5: =VLOOKUP(A5,Sheet3!A:C,3,FALSE) -> Lyg | E5: 4 | F5: 343.97 | G5: 456.9913 | H5: 439.3914 | I5: 459.936 | J5: 1577.87 | K5: 1597.61 | L5: 1882.16 | M5: 1747.04 | N5: 55.19 | O5: 249.07 | P5: 1201.79 | Q5: 3277.07 | R5: -3.9803368 | S5: -2.7655887 | T5: -2.4049578 | U5: -1.6464671 | V5: 0.39389674 | W5: 1.2478831 | X5: 0.84343071 | Y5: 0.62544308 | Z5: =V5-R5 -> 4.3742336 | AA5: =W5-S5 -> 4.0134719 | AB5: =X5-T5 -> 3.2483885 | AC5: =Y5-U5 -> 2.2719101
A6: 南京市 | B6: 宁 | C6: =VLOOKUP(A6,Sheet3!A:C,2,FALSE) -> Nanjing | D6: =VLOOKUP(A6,Sheet3!A:C,3,FALSE) -> Nj | E6: 5 | F6: 516.81 | G6: 612.6165 | H6: 800.468 | I6: 931.4685 | J6: 835.85 | K6: 1056.24 | L6: 1552.98 | M6: 1753 | N6: 176.52 | O6: 1073.54 | P6: 5198.2 | Q6: 14782.95 | R6: -0.22902136 | S6: -0.23115418 | T6: 0.046783239 | U6: 0.34594378 | V6: -2.0169144 | W6: -1.6030231 | X6: -1.4540421 | Y6: -2.0393604 | Z6: =V6-R6 -> -1.787893 | AA6: =W6-S6 -> -1.3718689 | AB6: =X6-T6 -> -1.5008253 | AC6: =Y6-U6 -> -2.3853042
A7: 南通市 | B7: 通 | C7: =VLOOKUP(A7,Sheet3!A:C,2,FALSE) -> Nantong | D7: =VLOOKUP(A7,Sheet3!A:C,3,FALSE) -> Nt | E7: 6 | F7: 766.79 | G7: 751.2919 | H7: 728.2835 | I7: 772.6635 | J7: 358.39 | K7: 513.19 | L7: 1019.68 | M7: 1371.63 | N7: 134.2454 | O7: 720.5859 | P7: 3510.56 | Q7: 10018.311 | R7: 2.9642636 | S7: 2.2214623 | T7: 0.97085507 | U7: 0.45706031 | V7: 0.56553658 | W7: 0.67360411 | X7: -0.11143368 | Y7: -0.78084972 | Z7: =V7-R7 -> -2.398727 | AA7: =W7-S7 -> -1.5478582 | AB7: =X7-T7 -> -1.0822888 | AC7: =Y7-U7 -> -1.23791
A8: 苏州市 | B8: 苏 | C8: =VLOOKUP(A8,Sheet3!A:C,2,FALSE) -> Suzhou | D8: =VLOOKUP(A8,Sheet3!A:C,3,FALSE) -> Sz | E8: 7 | F8: 564.35 | G8: 679.2239 | H8: 1046.5994 | I8: 1274.8262 | J8: 549.85 | K8: 1016.87 | L8: 2197.5 | M8: 2452.43 | N8: 202.14 | O8: 1540.6798 | P8: 9180.76 | Q8: 20180.45 | R8: 1.1096973 | S8: 0.23759675 | T8: -0.33304665 | U8: 0.36370178 | V8: -2.463949 | W8: -3.3292911 | X8: -4.270874 | Y8: -2.7700917 | Z8: =V8-R8 -> -3.5736463 | AA8: =W8-S8 -> -3.5668879 | AB8: =X8-T8 -> -3.9378274 | AC8: =Y8-U8 -> -3.1337935
A9: 宿迁市 | B9: 迁 | C9: =VLOOKUP(A9,Sheet3!A:C,2,FALSE) -> Suqian | D9: =VLOOKUP(A9,Sheet3!A:C,3,FALSE) -> Sq | E9: 8 | F9: 454.5465 | G9: 506.1576 | H9: 471.5553 | I9: 498.6192 | J9: 1609.8 | K9: 1697.99 | L9: 2009.4 | M9: 2110.74 | N9: 39.7306 | O9: 200.6512 | P9: 1064.09 | Q9: 3270.37 | R9: -3.4788547 | S9: -2.8341341 | T9: -2.5561325 | U9: -2.2318457 | V9: 1.4459058 | W9: 1.7152634 | X9: 1.1294745 | Y9: 0.79262202 | Z9: =V9-R9 -> 4.9247604 | AA9: =W9-S9 -> 4.5493975 | AB9: =X9-T9 -> 3.685607 | AC9: =Y9-U9 -> 3.0244677
A10: 泰州市 | B10: 泰 | C10: =VLOOKUP(A10,Sheet3!A:C,2,FALSE) -> Taizhou | D10: =VLOOKUP(A10,Sheet3!A:C,3,FALSE) -> Tz | E10: 9 | F10: 484.8351 | G10: 478.5759 | H10: 461.8558 | I10: 451.2762 | J10: 463.24 | K10: 694.69 | L10: 993.8 | M10: 1146.29 | N10: 74.21 | O10: 399.08 | P10: 2072.5 | Q10: 5297.77 | R10: 0.98758654 | S10: 0.2371905 | T10: -0.20376774 | U10: -0.44472053 | V10: 0.65503968 | W10: 0.69454122 | X10: 0.082192497 | Y10: -0.23144676 | Z10: =V10-R10 -> -0.33254686 | AA10: =W10-S10 -> 0.45735072 | AB10: =X10-T10 -> 0.28596024 | AC10: =Y10-U10 -> 0.21327377
A11: 无锡市 | B11: 锡 | C11: =VLOOKUP(A11,Sheet3!A:C,2,FALSE) -> Wuxi | D11: =VLOOKUP(A11,Sheet3!A:C,3,FALSE) -> Wx | E11: 10 | F11: 429.16 | G11: 508.6586 | H11: 637.2624 | I11: 746.2135 | J11: 413.13 | K11: 717.52 | L11: 1216.75 | M11: 1314.62 | N11: 160.4402 | O11: 1176.5434 | P11: 5779.21 | Q11: 12340.48 | R11: 0.86261806 | S11: 0.31883482 | T11: 0.083502649 | U11: 0.4621466 | V11: -2.0610873 | W11: -2.5940309 | X11: -2.7884896 | Y11: -1.8357208 | Z11: =V11-R11 -> -2.9237053 | AA11: =W11-S11 -> -2.9128657 | AB11: =X11-T11 -> -2.8719922 | AC11: =Y11-U11 -> -2.2978674
A12: 徐州市 | B12: 徐 | C12: =VLOOKUP(A12,Sheet3!A:C,2,FALSE) -> Xuzhou | D12: =VLOOKUP(A12,Sheet3!A:C,3,FALSE) -> Xz | E12: 11 | F12: 816.2 | G12: 891.3965 | H12: 858.05 | I12: 908.379 | J12: 1911.11 | K12: 2110.28 | L12: 2518.4 | M12: 2700.27 | N12: 112.84 | O12: 616.3 | P12: 2951.47 | Q12: 7284.77 | R12: -2.576429 | S12: -2.1726885 | T12: -1.9650474 | U12: -1.705202 | V12: 1.4396882 | W12: 1.8562492 | X12: 1.0461335 | Y12: 0.90550815 | Z12: =V12-R12 -> 4.0161172 | AA12: =W12-S12 -> 4.0289377 | AB12: =X12-T12 -> 3.0111808 | AC12: =Y12-U12 -> 2.6107101
A13: 盐城市 | B13: 盐 | C13: =VLOOKUP(A13,Sheet3!A:C,2,FALSE) -> Yancheng | D13: =VLOOKUP(A13,Sheet3!A:C,3,FALSE) -> Yc | E13: 12 | F13: 774.22 | G13: 794.6544 | H13: 726.024 | I13: 670.9629 | J13: 1633.83 | K13: 1745.6 | L13: 1997.55 | M13: 1835.51 | N13: 104.41 | O13: 529.48 | P13: 2315.71 | Q13: 5918.38 | R13: -1.7732351 | S13: -1.5024369 | T13: -1.3479138 | U13: -0.93169414 | V13: 1.4388382 | W13: 1.7430782 | X13: 1.0656909 | Y13: 0.45067507 | Z13: =V13-R13 -> 3.2120733 | AA13: =W13-S13 -> 3.2455151 | AB13: =X13-T13 -> 2.4136047 | AC13: =Y13-U13 -> 1.3823692
... A42: 宣城市 | B42: 宣 | C42: =VLOOKUP(A42,Sheet3!A:C,2,FALSE) -> Xuancheng | D42: =VLOOKUP(A42,Sheet3!A:C,3,FALSE) -> Xc | E42: 41 | F42: 263.0959 | G42: 265.9639 | H42: 253.2938 | I42: 250.0063 | J42: 202.68 | K42: 232.55 | L42: 339.43 | M42: 405.56 | N42: 29.6284 | O42: 162.5 | P42: 552.04 | Q42: 1591.4 | R42: 0.71838907 | S42: 0.62347824 | T42: 0.37356327 | U42: 0.22674916 | V42: 0.65206004 | W42: 0.64855302 | X42: 0.6261048 | Y42: 0.41704253 | Z42: =V42-R42 -> -0.066329034 | AA42: =W42-S42 -> 0.025074784 | AB42: =X42-T42 -> 0.25254153 | AC42: =Y42-U42 -> 0.19029337

Sheet Sheet3
A1: 城市中文名 | B1: 英文名 | C1: 英文简称
A2: 上海市 | B2: Shanghai | C2: Shh
A3: 常州市 | B3: Changzhou | C3: Cz
A4: 淮安市 | B4: Huai'an | C4: Ha
A5: 连云港市 | B5: Lianyungang | C5: Lyg
A6: 南京市 | B6: Nanjing | C6: Nj
A7: 南通市 | B7: Nantong | C7: Nt
A8: 苏州市 | B8: Suzhou | C8: Sz
A9: 宿迁市 | B9: Suqian | C9: Sq
A10: 泰州市 | B10: Taizhou | C10: Tz
A11: 无锡市 | B11: Wuxi | C11: Wx
A12: 徐州市 | B12: Xuzhou | C12: Xz
... A42: 宣城市 | B42: Xuancheng | C42: Xc
